""https://www.tabulaturi.ro/categorii/aniversari"",""Aniversări""
""https://www.tabulaturi.ro/categorii/blues"",""Blues""
""https://www.tabulaturi.ro/categorii/cantece-de-mahala"",""Cântece de mahala""
""https://www.tabulaturi.ro/categorii/cantece-de-munte"",""Cântece de munte""
""https://www.tabulaturi.ro/categorii/cantece-pentru-copii"",""Cântece pentru copii""
""https://www.tabulaturi.ro/categorii/cantece-tiganesti"",""Cântece țigănești""
""https://www.tabulaturi.ro/categorii/cenaclul-flacara"",""Cenaclul 'Flacăra'""
""https://www.tabulaturi.ro/categorii/cinema-si-tv"",""Cinema și TV""
""https://www.tabulaturi.ro/categorii/colinde"",""Colinde""
""https://www.tabulaturi.ro/categorii/country"",""Country""
""https://www.tabulaturi.ro/categorii/craciun"",""Crăciun""
""https://www.tabulaturi.ro/categorii/crestine"",""Creștine""
""https://www.tabulaturi.ro/categorii/dance"",""Dance""
""https://www.tabulaturi.ro/categorii/de-la-autori"",""De la autori""
""https://www.tabulaturi.ro/categorii/despre-mama"",""Despre mama""
""https://www.tabulaturi.ro/categorii/despre-patrie"",""Despre Patrie""
""https://www.tabulaturi.ro/categorii/despre-tata"",""Despre tata""
""https://www.tabulaturi.ro/categorii/din-republica-moldova"",""Din Republica Moldova""
""https://www.tabulaturi.ro/categorii/etno-folclor"",""Etno / Folclor""
""https://www.tabulaturi.ro/categorii/experimental"",""Experimental""
""https://www.tabulaturi.ro/categorii/folk"",""Folk""
""https://www.tabulaturi.ro/categorii/fotbal"",""Fotbal""
""https://www.tabulaturi.ro/categorii/hip-hop"",""Hip-hop""
""https://www.tabulaturi.ro/categorii/imnuri"",""Imnuri""
""https://www.tabulaturi.ro/categorii/instrumentala"",""Instrumentală""
""https://www.tabulaturi.ro/categorii/latino"",""Latino""
""https://www.tabulaturi.ro/categorii/lautaresti"",""Lăutărești""
""https://www.tabulaturi.ro/categorii/manele"",""Manele""
""https://www.tabulaturi.ro/categorii/metal"",""Metal""
""https://www.tabulaturi.ro/categorii/muzica-armaneasca"",""Muzică armânească""
""https://www.tabulaturi.ro/categorii/muzica-usoara"",""Muzică ușoară""
""https://www.tabulaturi.ro/categorii/parodii"",""Parodii""
""https://www.tabulaturi.ro/categorii/pop"",""Pop""
""https://www.tabulaturi.ro/categorii/pop-rock"",""Pop-Rock""
""https://www.tabulaturi.ro/categorii/punk-ska"",""Punk / Ska""
""https://www.tabulaturi.ro/categorii/reggae"",""Reggae""
""https://www.tabulaturi.ro/categorii/retro"",""Retro""
""https://www.tabulaturi.ro/categorii/rock"",""Rock""
""https://www.tabulaturi.ro/categorii/romante"",""Romanțe""
""https://www.tabulaturi.ro/categorii/satira-si-umor"",""Satiră și umor""
""https://www.tabulaturi.ro/categorii/scoala-si-profesorii"",""Școala și profesorii""
""https://www.tabulaturi.ro/categorii/social"",""Social""
""https://www.tabulaturi.ro/categorii/aniversari"",""Aniversări""
""https://www.tabulaturi.ro/categorii/blues"",""Blues""
""https://www.tabulaturi.ro/categorii/cantece-de-mahala"",""Cântece de mahala""
""https://www.tabulaturi.ro/categorii/cantece-de-munte"",""Cântece de munte""
""https://www.tabulaturi.ro/categorii/cantece-pentru-copii"",""Cântece pentru copii""
""https://www.tabulaturi.ro/categorii/cantece-tiganesti"",""Cântece țigănești""
""https://www.tabulaturi.ro/categorii/cenaclul-flacara"",""Cenaclul 'Flacăra'""
""https://www.tabulaturi.ro/categorii/cinema-si-tv"",""Cinema și TV""
""https://www.tabulaturi.ro/categorii/colinde"",""Colinde""
""https://www.tabulaturi.ro/categorii/country"",""Country""
""https://www.tabulaturi.ro/categorii/craciun"",""Crăciun""
""https://www.tabulaturi.ro/categorii/crestine"",""Creștine""
""https://www.tabulaturi.ro/categorii/dance"",""Dance""
""https://www.tabulaturi.ro/categorii/de-la-autori"",""De la autori""
""https://www.tabulaturi.ro/categorii/despre-mama"",""Despre mama""
""https://www.tabulaturi.ro/categorii/despre-patrie"",""Despre Patrie""
""https://www.tabulaturi.ro/categorii/despre-tata"",""Despre tata""
""https://www.tabulaturi.ro/categorii/din-republica-moldova"",""Din Republica Moldova""
""https://www.tabulaturi.ro/categorii/etno-folclor"",""Etno / Folclor""
""https://www.tabulaturi.ro/categorii/experimental"",""Experimental""
""https://www.tabulaturi.ro/categorii/folk"",""Folk""
""https://www.tabulaturi.ro/categorii/fotbal"",""Fotbal""
""https://www.tabulaturi.ro/categorii/hip-hop"",""Hip-hop""
""https://www.tabulaturi.ro/categorii/imnuri"",""Imnuri""
""https://www.tabulaturi.ro/categorii/instrumentala"",""Instrumentală""
""https://www.tabulaturi.ro/categorii/latino"",""Latino""
""https://www.tabulaturi.ro/categorii/lautaresti"",""Lăutărești""
""https://www.tabulaturi.ro/categorii/manele"",""Manele""
""https://www.tabulaturi.ro/categorii/metal"",""Metal""
""https://www.tabulaturi.ro/categorii/muzica-armaneasca"",""Muzică armânească""
""https://www.tabulaturi.ro/categorii/muzica-usoara"",""Muzică ușoară""
""https://www.tabulaturi.ro/categorii/parodii"",""Parodii""
""https://www.tabulaturi.ro/categorii/pop"",""Pop""
""https://www.tabulaturi.ro/categorii/pop-rock"",""Pop-Rock""
""https://www.tabulaturi.ro/categorii/punk-ska"",""Punk / Ska""
""https://www.tabulaturi.ro/categorii/reggae"",""Reggae""
""https://www.tabulaturi.ro/categorii/retro"",""Retro""
""https://www.tabulaturi.ro/categorii/rock"",""Rock""
""https://www.tabulaturi.ro/categorii/romante"",""Romanțe""
""https://www.tabulaturi.ro/categorii/satira-si-umor"",""Satiră și umor""
""https://www.tabulaturi.ro/categorii/scoala-si-profesorii"",""Școala și profesorii""
""https://www.tabulaturi.ro/categorii/social"",""Social""
