A, B, C, D, E, F, G
A#, C#, D#, F#, G#
Ab, Bb, Db, Eb, Gb
Am, Bm, Cm, Dm, Em, Fm, Gm
A#m, C#m, D#m, F#m, G#m
Abm, Bbm, Dbm, Ebm, Gbm
A7, B7, C7, D7, E7, F7, G7
A#7, C#7, D#7, F#7, G#7
Ab7, Bb7, Db7, Eb7, Gb7
Am7, Bm7, Cm7, Dm7, Em7, Fm7, Gm7
A#m7, C#m7, D#m7, F#m7, G#m7
Abm7, Bbm7, Dbm7, Ebm7, Gbm7
AMaj7, BMaj7, CMaj7, DMaj7, EMaj7, FMaj7, GMaj7
A#Maj7, C#Maj7, D#Maj7, F#Maj7, G#Maj7
AbMaj7, BbMaj7, DbMaj7, EbMaj7, GbMaj7
Adim, Bdim, Cdim, Ddim, Edim, Fdim, Gdim
A#dim, C#dim, D#dim, F#dim, G#dim
Abdim, Bbdim, Dbdim, Ebdim, Gbdim
Aaug, Baug, Caug, Daug, Eaug, Faug, Gaug
A#aug, C#aug, D#aug, F#aug, G#aug
Abaug, Bbaug, Dbaug, Ebaug, Gbaug
Asus2, Bsus2, Csus2, Dsus2, Esus2, Fsus2, Gsus2
Asus4, Bsus4, Csus4, Dsus4, Esus4, Fsus4, Gsus4
Aadd9, Badd9, Cadd9, Dadd9, Eadd9, Fadd9, Gadd9
A6, B6, C6, D6, E6, F6, G6
A9, B9, C9, D9, E9, F9, G9
A#9, C#9, D#9, F#9, G#9
Ab9, Bb9, Db9, Eb9, Gb9
Am9, Bm9, Cm9, Dm9, Em9, Fm9, Gm9
A#m9, C#m9, D#m9, F#m9, G#m9
Abm9, Bbm9, Dbm9, Ebm9, Gbm9
A11, B11, C11, D11, E11, F11, G11
A#11, C#11, D#11, F#11, G#11
Ab11, Bb11, Db11, Eb11, Gb11
Am11, Bm11, Cm11, Dm11, Em11, Fm11, Gm11
A#m11, C#m11, D#m11, F#m11, G#m11
Abm11, Bbm11, Dbm11, Ebm11, Gbm11
A13, B13, C13, D13, E13, F13, G13
A#13, C#13, D#13, F#13, G#13
Ab13, Bb13, Db13, Eb13, Gb13
Am13, Bm13, Cm13, Dm13, Em13, Fm13, Gm13
A#m13, C#m13, D#m13, F#m13, G#m13
Abm13, Bbm13, Dbm13, Ebm13, Gbm13
Am7b5, Bm7b5, Cm7b5, Dm7b5, Em7b5, Fm7b5, Gm7b5
A#m7b5, C#m7b5, D#m7b5, F#m7b5, G#m7b5
Abm7b5, Bbm7b5, Dbm7b5, Ebm7b5, Gbm7b5
A7#5, B7#5, C7#5, D7#5, E7#5, F7#5, G7#5
A7b5, B7b5, C7b5, D7b5, E7b5, F7b5, G7b5
A7#9, B7#9, C7#9, D7#9, E7#9, F7#9, G7#9
A7b9, B7b9, C7b9, D7b9, E7b9, F7b9, G7b9