ngram,kind
poponar,sexual
poponari,sexual
poponarule,sexual
poponare,sexual
poponarilor,sexual
poponarul,sexual
poponarii,sexual
poponarului,sexual
poponarilor,sexual
bulangiu,sexual
bulangii,sexual
bulangiul,sexual
bulangiii,sexual
bulangiului,sexual
bulangiilor,sexual
bulangiule,sexual
curist,sexual
curiști,sexual
curistul,sexual
curiștii,sexual
curistului,sexual
curiștilor,sexual
curistule,sexual
pe invers,sexual
homalău,sexual
homalăi,sexual
homalăul,sexual
homalăii,sexual
homalăului,sexual
homalăilor,sexual
homalăule,sexual
jidan,ethnic
jidani,ethnic
jidanii,ethnic
jidanului,ethnic
jidanilor,ethnic
jidanule,ethnic
jidane,ethnic
bozgor,ethnic
bozgori,ethnic
bozgorii,ethnic
bozgorului,ethnic
bozgorilor,ethnic
bozgorule,ethnic
bozgore,ethnic
cioară,ethnic
ciori,ethnic
cioara,ethnic
ciorile,ethnic
ciorii,ethnic
ciorilor,ethnic
cioaro,ethnic
cioroi,ethnic
cioroiul,ethnic
cioroii,ethnic
cioroiului,ethnic
cioroilor,ethnic
cioroiule,ethnic
cioroilor,ethnic
țigan,ethnic
țigani,ethnic
țiganul,ethnic
țiganii,ethnic
țiganului,ethnic
țiganilor,ethnic
țigană,ethnic
țigane,ethnic
țigana,ethnic
țiganele,ethnic
țiganei,ethnic
țiganelor,ethnic
țigancă,ethnic
țigance,ethnic
țiganca,ethnic
țigancele,ethnic
țigancei,ethnic
țigancelor,ethnic
țigănci,ethnic
țigăncile,ethnic
țigăncii,ethnic
țigăncilor,ethnic
țîgan,ethnic
țîgani,ethnic
țîganul,ethnic
țîganii,ethnic
țîganului,ethnic
țîganilor,ethnic
țîgane,ethnic
arăboi,ethnic
arăboii,ethnic
arăboilor,ethnic
arăboiului,ethnic
arăboiule,ethnic
arăbete,ethnic
arăbeți,ethnic
arăbeților,ethnic
arăbetului,ethnic
arăbetule,ethnic
boanghin,ethnic
boanghini,ethnic
boanghinului,ethnic
boanghinilor,ethnic
boanghinule,ethnic
boanghine,ethnic
boanghină,ethnic
boanghinii,ethnic
boanghinelor,ethnic
boanghinele,ethnic
boanghino,ethnic
grecotei,ethnic
grecoteii,ethnic
grecoteiului,ethnic
grecoteilor,ethnic
grecoteiule,ethnic
gălbejit,ethnic
gălbejiți,ethnic
gălbejitului,ethnic
gălbejiților,ethnic
gălbejitule,ethnic
gălbejiții,ethnic
negrotei,ethnic
negroteii,ethnic
negroteiului,ethnic
negroteului,ethnic
negroteilor,ethnic
negroteiule,ethnic
negroteule,ethnic
orezar,ethnic
orezari,ethnic
orezarului,ethnic
orezarilor,ethnic
orezarii,ethnic
orezarule,ethnic
orezarul,ethnic
perciunat,ethnic
perciunați,ethnic
perciunatului,ethnic
percinuaților,ethnic
percinuații,ethnic
perciunatule,ethnic
perciunatul,ethnic
rusnac,ethnic
rusnaci,ethnic
rusnacii,ethnic
rusnacilor,ethnic
rusnacului,ethnic
rusnacule,ethnic
rusnacul,ethnic
curvă,sexual
curva,sexual
curve,sexual
curvele,sexual
curvei,sexual
curvii,sexual
curvelor,sexual
curvilor,sexual
curvo,sexual
târfă,sexual
târfe,sexual
târfo,sexual
târfelor,sexual
târfa,sexual
târfele,sexual
târfei,sexual
zdreanță,sexual
zdrențe,sexual
zdreanța,sexual
zdrențele,sexual
zdrenței,sexual
zdrențelor,sexual
turcalete,ethnic
turcaleți,ethnic
turcaleților,ethnic
turcaletului,ethnic
turcaletule,ethnic